{"cameraMode":{"drawMode":0,"name":"Shaded","section":"Shading Mode"},"sceneLighting":true,"audioPlay":false,"sceneViewState":{"showFog":false,"showMaterialUpdate":false,"showSkybox":false,"showFlares":false,"showImageEffects":false,"showParticleSystems":false},"in2DMode":false,"pivot":{"x":606.364013671875,"y":-870.990478515625,"z":477.67791748046877},"rotation":{"x":0.4805445373058319,"y":0.17119790613651277,"z":-0.09597190469503403,"w":0.855387270450592},"size":1174.3153076171875,"orthographic":false}